{
  "materials": [
    {
      "name": "floor",
      "id": 0,
      "object_id": 0,
      "nyu_id": 0,
      "mapped_id": 0,
      "mapped_label": "floor",
      "absorption": [
        125.0, 0.5, 
        250.0, 0.699999988079071, 
        500.0, 0.6000000238418579, 
        1000.0, 0.699999988079071, 
        2000.0, 0.699999988079071, 
        4000.0, 0.5
      ],
      "scattering": [
        125.0, 0.10000000149011612, 
        250.0, 0.15000000596046448, 
        500.0, 0.20000000298023224, 
        1000.0, 0.20000000298023224, 
        2000.0, 0.25, 
        4000.0, 0.30000001192092896
      ],
      "transmission": [
        125.0, 0.05000000074505806, 
        250.0, 0.03999999910593033, 
        500.0, 0.029999999329447746, 
        1000.0, 0.019999999552965164, 
        2000.0, 0.004999999888241291, 
        4000.0, 0.0020000000949949026
      ],
      "labels": [
        "floor"
      ],

      "damping": [
        125.0, 0.0001,
        250.0, 0.0001,
        500.0, 0.0001,
        1000.0, 0.0001,
        2000.0, 0.0001,
        4000.0, 0.0001
      ],
      "density": 1.2,
      "speed": 343
    },
    {
      "name": "wall",
      "id": 1,
      "object_id": 1,
      "nyu_id": 1,
      "mapped_id": 1,
      "mapped_label": "wall",
      "absorption": [
        125.0, 0.23,
        250.0, 0.961,
        500.0, 0.951,
        1000.0, 0.961,
        2000.0, 0.961,
        4000.0, 0.941
      ],
      "scattering": [
        125.0, 0.10000000149011612, 
        250.0, 0.15000000596046448, 
        500.0, 0.20000000298023224, 
        1000.0, 0.20000000298023224, 
        2000.0, 0.25, 
        4000.0, 0.30000001192092896
      ],
      "transmission": [
        125.0, 0.05000000074505806, 
        250.0, 0.03999999910593033, 
        500.0, 0.029999999329447746, 
        1000.0, 0.019999999552965164, 
        2000.0, 0.004999999888241291, 
        4000.0, 0.0020000000949949026
      ],
      "labels": [
        "wall"
      ],
      "damping": [
        125.0, 0.0001,
        250.0, 0.0001,
        500.0, 0.0001,
        1000.0, 0.0001,
        2000.0, 0.0001,
        4000.0, 0.0001
      ],
      "density": 1.2,
      "speed": 343
    },
    {
      "name": "ceiling",
      "id": 2,
      "object_id": 2,
      "nyu_id": 2,
      "mapped_id": 2,
      "mapped_label": "ceiling",
      "absorption": [
        125.0, 0.41,
        250.0, 0.8799999988,
        500.0, 0.9510000024,
        1000.0, 0.9249999988,
        2000.0, 0.9609999988,
        4000.0, 0.941
      ],
      "scattering": [
        125.0, 0.10000000149011612, 
        250.0, 0.15000000596046448, 
        500.0, 0.20000000298023224, 
        1000.0, 0.20000000298023224, 
        2000.0, 0.25, 
        4000.0, 0.30000001192092896
      ],
      "transmission": [
        125.0, 0.05000000074505806, 
        250.0, 0.03999999910593033, 
        500.0, 0.029999999329447746, 
        1000.0, 0.019999999552965164, 
        2000.0, 0.004999999888241291, 
        4000.0, 0.0020000000949949026
      ],
      "labels": [
        "ceiling"
      ],
      "damping": [
        125.0, 0.0001,
        250.0, 0.0001,
        500.0, 0.0001,
        1000.0, 0.0001,
        2000.0, 0.0001,
        4000.0, 0.0001
      ],
      "density": 1.2,
      "speed": 343
    },
    {
      "name": "human",
      "id": 3,
      "object_id": 3,
      "nyu_id": 3,
      "mapped_id": 3,
      "mapped_label": "human",
      "absorption": [
        125.0, 0.29,
        250.0, 0.43,
        500.0, 0.51,
        1000.0, 0.68,
        2000.0, 0.71,
        4000.0, 0.73
      ],
      "scattering": [
        125.0, 0.10000000149011612, 
        250.0, 0.10000000149011612, 
        500.0, 0.15000000596046448, 
        1000.0, 0.20000000298023224, 
        2000.0, 0.30000001192092896, 
        4000.0, 0.44999998807907104
      ],
      "transmission": [
        125.0, 0.004000000189989805, 
        250.0, 0.007899999618530273, 
        500.0, 0.00559999980032444, 
        1000.0, 0.0015999999595806003, 
        2000.0, 0.00139999995008111, 
        4000.0, 0.0005000000237487257],
      "labels": [
        "human"
      ],
      "damping": [
        125.0, 0.0001,
        250.0, 0.0001,
        500.0, 0.0001,
        1000.0, 0.0001,
        2000.0, 0.0001,
        4000.0, 0.0001
      ], 
      "density": 1.2,
      "speed": 343
    }
  ]
}
