{
  "materials": [
    {
      "name": "floor",
      "id": 0,
      "object_id": 0,
      "nyu_id": 0,
      "mapped_id": 0,
      "mapped_label": "floor",
      "absorption": [
        125.0, 0.009999999776482582,
        250.0, 0.05000000074505806,
        500.0, 0.10000000149011612,
        1000.0, 0.20000000298023224,
        2000.0, 0.44999998807907104,
        4000.0, 0.6499999761581421,
        6000.0, 0.68,
        8000.0, 0.70,
        10000.0, 0.72,
        15000.0, 0.99,
        20000.0, 1.3,
        24000.0, 1.4
      ],
      "scattering": [
        125.0, 0.10000000149011612,
        250.0, 0.10000000149011612,
        500.0, 0.15000000596046448,
        1000.0, 0.20000000298023224,
        2000.0, 0.30000001192092896,
        4000.0, 0.44999998807907104,
        6000.0, 0.50,
        8000.0, 0.55,
        10000.0, 0.60,
        15000.0, 0.68,
        20000.0, 0.72,
        24000.0, 0.75
      ],
      "transmission": [
        125.0, 0.004000000189989805,
        250.0, 0.007899999618530273,
        500.0, 0.00559999980032444,
        1000.0, 0.0015999999595806003,
        2000.0, 0.00139999995008111,
        4000.0, 0.0005000000237487257,
        6000.0, 0.00035,
        8000.0, 0.00025,
        10000.0, 0.00018,
        15000.0, 0.00012,
        20000.0, 0.00008,
        24000.0, 0.00005
      ],
      "labels": [
        "floor"
      ],
      "damping": [
        125.0, 0.999,
        250.0, 0.999,
        500.0, 0.999,
        1000.0, 0.999,
        2000.0, 0.999,
        4000.0, 0.999,
        6000.0, 0.999,
        8000.0, 0.999,
        10000.0, 0.999,
        15000.0, 0.999,
        20000.0, 0.999,
        24000.0, 0.999
      ],
      "density": 1.2,
      "speed": 343
    },
    {
      "name": "wall",
      "id": 1,
      "object_id": 1,
      "nyu_id": 1,
      "mapped_id": 1,
      "mapped_label": "wall",
      "absorption": [
        125.0, 0.25,
        250.0, 0.85,
        500.0, 0.99,
        1000.0, 0.97,
        2000.0, 0.97,
        4000.0, 0.97,
        6000.0, 0.90,
        8000.0, 0.90,
        10000.0, 0.7,
        15000.0, 0.95,
        20000.0, 1.1,
        24000.0, 1.4
      ],
      "scattering": [
        125.0, 0.10000000149011612,
        250.0, 0.15000000596046448,
        500.0, 0.20000000298023224,
        1000.0, 0.20000000298023224,
        2000.0, 0.25,
        4000.0, 0.30000001192092896,
        6000.0, 0.35,
        8000.0, 0.40,
        10000.0, 0.45,
        15000.0, 0.55,
        20000.0, 0.60,
        24000.0, 0.65
      ],
      "transmission": [
        125.0, 0.05000000074505806,
        250.0, 0.03999999910593033,
        500.0, 0.029999999329447746,
        1000.0, 0.019999999552965164,
        2000.0, 0.004999999888241291,
        4000.0, 0.0020000000949949026,
        6000.0, 0.0012,
        8000.0, 0.0008,
        10000.0, 0.0005,
        15000.0, 0.0003,
        20000.0, 0.0002,
        24000.0, 0.0001
      ],
      "labels": [
        "wall"
      ],
      "damping": [
        125.0, 0.999,
        250.0, 0.999,
        500.0, 0.999,
        1000.0, 0.999,
        2000.0, 0.999,
        4000.0, 0.999,
        6000.0, 0.999,
        8000.0, 0.999,
        10000.0, 0.999,
        15000.0, 0.999,
        20000.0, 0.999,
        24000.0, 0.999
      ],
      "density": 1.2,
      "speed": 343
    },
    {
      "name": "ceiling",
      "id": 2,
      "object_id": 2,
      "nyu_id": 2,
      "mapped_id": 2,
      "mapped_label": "ceiling",
      "absorption": [
        125.0, 0.5,
        250.0, 0.699999988079071,
        500.0, 0.6000000238418579,
        1000.0, 0.699999988079071,
        2000.0, 0.699999988079071,
        4000.0, 0.70,
        6000.0, 0.70,
        8000.0, 0.72,
        10000.0, 0.74,
        15000.0, 0.99,
        20000.0, 1.3,
        24000.0, 1.4
      ],
      "scattering": [
        125.0, 0.10000000149011612,
        250.0, 0.15000000596046448,
        500.0, 0.20000000298023224,
        1000.0, 0.20000000298023224,
        2000.0, 0.25,
        4000.0, 0.30000001192092896,
        6000.0, 0.35,
        8000.0, 0.40,
        10000.0, 0.45,
        15000.0, 0.55,
        20000.0, 0.60,
        24000.0, 0.65
      ],
      "transmission": [
        125.0, 0.05000000074505806,
        250.0, 0.03999999910593033,
        500.0, 0.029999999329447746,
        1000.0, 0.019999999552965164,
        2000.0, 0.004999999888241291,
        4000.0, 0.0020000000949949026,
        6000.0, 0.0012,
        8000.0, 0.0008,
        10000.0, 0.0005,
        15000.0, 0.0003,
        20000.0, 0.0002,
        24000.0, 0.0001
      ],
      "labels": [
        "ceiling"
      ],
      "damping": [
        125.0, 0.02,
        250.0, 0.03,
        500.0, 0.04,
        1000.0, 0.05,
        2000.0, 0.06,
        4000.0, 0.07,
        6000.0, 0.08,
        8000.0, 0.08,
        10000.0, 0.09,
        15000.0, 0.999,
        20000.0, 0.999,
        24000.0, 0.999
      ],
      "density": 1.2,
      "speed": 343
    },
    {
      "name": "cube",
      "id": 3,
      "object_id": 3,
      "nyu_id": 3,
      "mapped_id": 3,
      "mapped_label": "cube",
      "absorption": [
        125.0, 0.009999999776482582,
        250.0, 0.05000000074505806,
        500.0, 0.10000000149011612,
        1000.0, 0.20000000298023224,
        2000.0, 0.44999998807907104,
        4000.0, 0.6499999761581421,
        6000.0, 0.68,
        8000.0, 0.70,
        10000.0, 0.72,
        15000.0, 0.99,
        20000.0, 1.3,
        24000.0, 1.4
      ],
      "scattering": [
        125.0, 0.10000000149011612,
        250.0, 0.10000000149011612,
        500.0, 0.15000000596046448,
        1000.0, 0.20000000298023224,
        2000.0, 0.30000001192092896,
        4000.0, 0.44999998807907104,
        6000.0, 0.50,
        8000.0, 0.55,
        10000.0, 0.60,
        15000.0, 0.68,
        20000.0, 0.72,
        24000.0, 0.75
      ],
      "transmission": [
        125.0, 0.004000000189989805,
        250.0, 0.007899999618530273,
        500.0, 0.00559999980032444,
        1000.0, 0.0015999999595806003,
        2000.0, 0.00139999995008111,
        4000.0, 0.0005000000237487257,
        6000.0, 0.00035,
        8000.0, 0.00025,
        10000.0, 0.00018,
        15000.0, 0.00012,
        20000.0, 0.00008,
        24000.0, 0.00005
      ],
      "labels": [
        "cube", "treated_room_object_bbox"
      ],
      "damping": [
        125.0, 0.999,
        250.0, 0.999,
        500.0, 0.999,
        1000.0, 0.999,
        2000.0, 0.999,
        4000.0, 0.999,
        6000.0, 0.999,
        8000.0, 0.999,
        10000.0, 0.999,
        15000.0, 0.999,
        20000.0, 0.999,
        24000.0, 0.999
      ],
      "density": 1.2,
      "speed": 343
    }
  ]
}
