{
  "materials": [
    {
      "name": "floor",
      "id": 0,
      "object_id": 0,
      "nyu_id": 0,
      "mapped_id": 0,
      "mapped_label": "floor",
      "absorption": [
        125.0, 0.009999999776482582,
        250.0, 0.05000000074505806,
        500.0, 0.10000000149011612,
        1000.0, 0.20000000298023224,
        2000.0, 0.44999998807907104,
        4000.0, 0.6499999761581421
      ],
      "scattering": [
        125.0, 0.10000000149011612,
        250.0, 0.10000000149011612,
        500.0, 0.15000000596046448,
        1000.0, 0.20000000298023224,
        2000.0, 0.30000001192092896,
        4000.0, 0.44999998807907104
      ],
      "transmission": [
        125.0, 0.004000000189989805,
        250.0, 0.007899999618530273,
        500.0, 0.00559999980032444,
        1000.0, 0.0015999999595806003,
        2000.0, 0.00139999995008111,
        4000.0, 0.0005000000237487257
      ],
      "labels": [
        "floor"
      ],
      "damping": [
        125.0, 0.999,
        250.0, 0.999,
        500.0, 0.999,
        1000.0, 0.999,
        2000.0, 0.999,
        4000.0, 0.999
      ],
      "density": 1.2,
      "speed": 343
    },
    {
      "name": "wall",
      "id": 1,
      "object_id": 1,
      "nyu_id": 1,
      "mapped_id": 1,
      "mapped_label": "wall",
      "absorption": [
        125.0, 0.22,
        250.0, 0.99,
        500.0, 0.99,
        1000.0, 0.99,
        2000.0, 0.99,
        4000.0, 0.99
      ],
      "scattering": [
        125.0, 0.10000000149011612,
        250.0, 0.15000000596046448,
        500.0, 0.20000000298023224,
        1000.0, 0.20000000298023224,
        2000.0, 0.25,
        4000.0, 0.30000001192092896
      ],
      "transmission": [
        125.0, 0.05000000074505806,
        250.0, 0.03999999910593033,
        500.0, 0.029999999329447746,
        1000.0, 0.019999999552965164,
        2000.0, 0.004999999888241291,
        4000.0, 0.0020000000949949026
      ],
      "labels": [
        "wall"
      ],
      "damping": [
        125.0, 0.999,
        250.0, 0.999,
        500.0, 0.999,
        1000.0, 0.999,
        2000.0, 0.999,
        4000.0, 0.999
      ],
      "density": 1.2,
      "speed": 343
    },
    {
      "name": "ceiling",
      "id": 2,
      "object_id": 2,
      "nyu_id": 2,
      "mapped_id": 2,
      "mapped_label": "ceiling",
      "absorption": [
        125.0, 0.5,
        250.0, 0.699999988079071,
        500.0, 0.6000000238418579,
        1000.0, 0.699999988079071,
        2000.0, 0.699999988079071,
        4000.0, 0.70
      ],
      "scattering": [
        125.0, 0.10000000149011612,
        250.0, 0.15000000596046448,
        500.0, 0.20000000298023224,
        1000.0, 0.20000000298023224,
        2000.0, 0.25,
        4000.0, 0.30000001192092896
      ],
      "transmission": [
        125.0, 0.05000000074505806,
        250.0, 0.03999999910593033,
        500.0, 0.029999999329447746,
        1000.0, 0.019999999552965164,
        2000.0, 0.004999999888241291,
        4000.0, 0.0020000000949949026
      ],
      "labels": [
        "ceiling"
      ],
      "damping": [
        125.0, 0.02,
        250.0, 0.03,
        500.0, 0.04,
        1000.0, 0.05,
        2000.0, 0.06,
        4000.0, 0.07
      ],
      "density": 1.2,
      "speed": 343
    },
    {
      "name": "cube",
      "id": 3,
      "object_id": 3,
      "nyu_id": 3,
      "mapped_id": 3,
      "mapped_label": "cube",
      "absorption": [
        125.0, 0.29,
        250.0, 0.43,
        500.0, 0.51,
        1000.0, 0.68,
        2000.0, 0.71,
        4000.0, 0.73
      ],
      "scattering": [
        125.0, 0.60,
        250.0, 0.60,
        500.0, 0.60,
        1000.0, 0.60,
        2000.0, 0.60,
        4000.0, 0.60
      ],
      "transmission": [
        125.0, 0.0,
        250.0, 0.0,
        500.0, 0.0,
        1000.0, 0.0,
        2000.0, 0.0,
        4000.0, 0.0
      ],
      "labels": [
        "cube", "treated_room_object_bbox"
      ],
      "damping": [
        125.0, 0.999,
        250.0, 0.999,
        500.0, 0.999,
        1000.0, 0.999,
        2000.0, 0.999,
        4000.0, 0.999
      ],
      "density": 1.2,
      "speed": 343
    },
    {
      "name": "glass_cube",
      "id": 4,
      "object_id": 4,
      "nyu_id": 4,
      "mapped_id": 4,
      "mapped_label": "glass_cube",
      "absorption": [
        125.0, 0.18000000715255737,
        250.0, 0.05999999865889549,
        500.0, 0.03999999910593033,
        1000.0, 0.029999999329447746,
        2000.0, 0.019999999552965164,
        4000.0, 0.019999999552965164
      ],
      "scattering": [
        125.0, 0.05000000074505806,
        250.0, 0.05000000074505806,
        500.0, 0.05000000074505806,
        1000.0, 0.05000000074505806,
        2000.0, 0.05000000074505806,
        4000.0, 0.05000000074505806
      ],
      "transmission": [
        125.0, 0.0560000017285347,
        250.0, 0.039000000804662704,
        500.0, 0.02800000086426735,
        1000.0, 0.019999999552965164,
        2000.0, 0.03200000151991844,
        4000.0, 0.014000000432133675
      ],
      "labels": [
        "glass_cube", "glass_treated_room_object_bbox"
      ],
      "damping": [
        125.0, 0.999,
        250.0, 0.999,
        500.0, 0.999,
        1000.0, 0.999,
        2000.0, 0.999,
        4000.0, 0.999
      ],
      "density": 1.2,
      "speed": 343
    }
  ]
}
