{"materials": [
  {"name": "Default", 
    "id": 0,
    "absorption": [20.0, 0.10000000149011612, 20000.0, 0.10000000149011612], 
    "scattering": [20.0, 0.5, 20000.0, 0.5], 
    "transmission": [20.0, 0.0, 20000.0, 0.0], 
    "labels": ["default"], 
    "damping": [22.27947998046875, 1.1595274046483084e-10, 27.647445678710938, 1.7855866785154717e-10, 34.30875778198242, 2.7496721566322435e-10, 42.57503890991211, 4.234294304072961e-10, 52.832969665527344, 6.520501361073627e-10, 65.56243896484375, 1.0041096842883235e-09, 81.35887908935547, 1.5462540137178848e-09, 100.9613265991211, 2.3811186355970904e-09, 125.2867431640625, 3.6667489045072443e-09, 155.47299194335938, 5.646519696256291e-09, 192.93234252929688, 8.695229425370599e-09, 239.4170684814453, 1.3390017095105122e-08, 297.1015930175781, 2.0619632223883855e-08, 368.6846618652344, 3.175273022293368e-08, 457.5147705078125, 4.8896882987037316e-08, 567.7471923828125, 7.529756373969576e-08, 704.5390625, 1.1595275850595499e-07, 874.288818359375, 1.7855860789950384e-07, 1084.938232421875, 2.749672489699151e-07, 1346.341064453125, 4.234294976868114e-07, 1670.724853515625, 6.520498345707892e-07, 2073.265869140625, 1.0041092082246905e-06, 2572.79443359375, 1.546254907225375e-06, 3192.6767578125, 2.381117610639194e-06, 3961.915771484375, 3.666750899355975e-06, 4916.4892578125, 5.64652327739168e-06, 6101.05517578125, 8.695225915289484e-06, 7571.03466796875, 1.3390024832915515e-05, 9395.1796875, 2.0619641873054206e-05, 11658.830078125, 3.175271558575332e-05, 14467.8916015625, 4.889691263088025e-05, 17953.748046875, 7.529760478064418e-05], 
    "density": 998.6546630859375, 
    "speed": 1483.9610595703125}, 
  {"name": "Acoustic Tile",
    "id": 1, 
    "absorption": [125.0, 0.5, 250.0, 0.699999988079071, 500.0, 0.6000000238418579, 1000.0, 0.699999988079071, 2000.0, 0.699999988079071, 4000.0, 0.5], 
    "scattering": [125.0, 0.10000000149011612, 250.0, 0.15000000596046448, 500.0, 0.20000000298023224, 1000.0, 0.20000000298023224, 2000.0, 0.25, 4000.0, 0.30000001192092896], 
    "transmission": [125.0, 0.05000000074505806, 250.0, 0.03999999910593033, 500.0, 0.029999999329447746, 1000.0, 0.019999999552965164, 2000.0, 0.004999999888241291, 4000.0, 0.0020000000949949026], 
    "labels": ["ceiling"], 
    "damping": [22.27947998046875, 1.1595274046483084e-10, 27.647445678710938, 1.7855866785154717e-10, 34.30875778198242, 2.7496721566322435e-10, 42.57503890991211, 4.234294304072961e-10, 52.832969665527344, 6.520501361073627e-10, 65.56243896484375, 1.0041096842883235e-09, 81.35887908935547, 1.5462540137178848e-09, 100.9613265991211, 2.3811186355970904e-09, 125.2867431640625, 3.6667489045072443e-09, 155.47299194335938, 5.646519696256291e-09, 192.93234252929688, 8.695229425370599e-09, 239.4170684814453, 1.3390017095105122e-08, 297.1015930175781, 2.0619632223883855e-08, 368.6846618652344, 3.175273022293368e-08, 457.5147705078125, 4.8896882987037316e-08, 567.7471923828125, 7.529756373969576e-08, 704.5390625, 1.1595275850595499e-07, 874.288818359375, 1.7855860789950384e-07, 1084.938232421875, 2.749672489699151e-07, 1346.341064453125, 4.234294976868114e-07, 1670.724853515625, 6.520498345707892e-07, 2073.265869140625, 1.0041092082246905e-06, 2572.79443359375, 1.546254907225375e-06, 3192.6767578125, 2.381117610639194e-06, 3961.915771484375, 3.666750899355975e-06, 4916.4892578125, 5.64652327739168e-06, 6101.05517578125, 8.695225915289484e-06, 7571.03466796875, 1.3390024832915515e-05, 9395.1796875, 2.0619641873054206e-05, 11658.830078125, 3.175271558575332e-05, 14467.8916015625, 4.889691263088025e-05, 17953.748046875, 7.529760478064418e-05], 
    "density": 998.6546630859375, 
    "speed": 1483.9610595703125}]}